item_id,channel,text,your_label (none|hypothesis|confirmed)
1,turn,"Selectables are adjacent at [18,21] and [21,21]; MOVE_RIGHT to push the right one forward through the wall-like barriers toward the goal, repeating with remaining steps to overlap the goal at [35,17].",
2,turn,"P is surrounded by # cells in the semantic grid, but previous left/right moves succeeded despite 'blocked' hints, so the outer wall is passable. I'll try moving up to explore upward path to go above the vertical wall and then right to the goal.",
3,understanding,"The objective is to solve each level by moving and/or switching between selectable pieces so that every goal tile marked with a '+' is occupied by a selectable piece at the same time, within the per-level step budget, progressing through all levels until the engine reports WIN for the final level. Each action moves the currently selected piece on a grid where each cell corresponds to 3-pixel increments in the provided [x, y] coordinates. MOVE_* attempts to shift the selected piece one cell in that direction; movement can be stopped by walls/boundaries or by other objects, while some adjacent objects (blocks) can be pushed if they are directly in the movement direction and space/interaction rules allow the push. Levels may include multiple selectable pieces; you change which one you control by CLICKing using the exact pixel/grid coordinates listed for that piece in the state (same coordinate system as player.position and objects). The movement.{direction}_blocked flags are only hints about adjacency and do not guarantee the move will fail.",
4,turn,"The selected piece at [12,15] is surrounded by walls except for [21,21] via CLICK. The goal is at [35,17] (cell ~11.6,5.6). The wall_24_12 spans x=24..30, blocking direct path. I need to reach the goal by moving the other piece or possibly pushing something, but no blocks exist. Let's switch to the piece at [21,21] and try to move right to see if it can go through the wall gap.",
5,understanding,"The objective was to navigate the level by moving the controllable piece(s) on the 3-pixels-per-cell grid, likely to reach goal tile(s) (the + markers) and/or position pieces/blocks appropriately to complete the level within the step budget. Movement actions shifted the currently selected piece by one cell (3 pixels) in the chosen direction unless blocked; a move could fail with no position change when an adjacent obstacle prevented motion. Multiple selectable pieces existed and control could be switched instantly using CLICK on a selectable’s exact pixel position. Some adjacent objects could be pushable (moving together with the selected piece when pushed), while walls/solid boundaries could block movement; the 'blocked' hint was only heuristic and needed confirmation by attempting moves.",
6,turn,"The player is at [15,21] and needs to reach the goal at [35,17]. The outer wall appears to be passable (prior moves succeeded through cells shown as #). I'll try MOVE_UP to go up and around the central wall.",
7,understanding,"The goal was to get a pushable object onto a goal tile marked with '+' on the semantic grid. The game had multiple levels, and winning all levels would complete the KA59 puzzle game. In this particular level, the goal tile(s) were located at specific position(s) marked '+', and I needed to maneuver the selected piece to reach that location. The game uses a grid-based movement system where: (1) CLICK on a position teleports/moves the selected piece to that location if it's reachable, (2) MOVE_LEFT/RIGHT/UP/DOWN moves the selected piece in that cardinal direction by a fixed distance (appears to be 3 units based on movement patterns), (3) Pieces can be blocked by obstacles or walls that prevent movement, (4) The selected piece can be moved between different positions to navigate around obstacles, (5) Each level has a step budget (in this case started at ~20+ steps and counted down to 0), (6) When steps reach 0, the run ends regardless of whether the goal was achieved. The game requires efficient path-planning to reach the goal within the step limit.",
8,understanding,"The goal of the game was to move selected pieces onto target goal tiles (possibly marked by '+') or to satisfy a specific success condition required by the game engine to report WIN. Win is achieved by manipulating pieces—likely blocks or tiles—across the grid, overcoming obstacles and reaching designated destinations efficiently within a finite number of steps. Movement typically happens by selecting a piece with CLICK (causing the selection to jump back and forth between two positions). MOVE_* actions attempt to move the selected piece, but if the piece is blocked (by walls or possibly other pieces or boundaries), no movement occurs. Only the currently selected piece is controllable for movement. Walls or obstacles prevent movement in their direction. Selection is manual: once selected via CLICK, movement commands act on that piece. The state alternates between two positions ([21,21] and [42,21]) with each CLICK command. Step count is limited, enforcing efficient action use.",
9,turn,"The semantic grid shows selectable P at cell [3,7] (pixel [9,21]), S at cell [6,7] (pixel [18,21]), and goal '+' at cells [11-13,5-7] (pixel ~[33-35,15-21]). Both selectables are enclosed in walls. The wall at [24,12] (size 6x21) likely blocks the right side of the room. I need to try moving down or up to see if the wall is passable, since movement_blocked may be misleading. I'll try MOVE_DOWN from current position.",
10,understanding,"The goal of the game was to move a pushable object or selectable piece onto the goal tile(s) marked with '+', or otherwise satisfy the win condition as recognized by the engine. Successfully getting the block (or required piece) onto the goal completed each level. Movement actions shifted the current selected piece by one cell (3 pixels) in the specified direction, unless blocked. Pushable objects could be pushed if adjacent in the movement direction, moving both the piece and the block. Walls generally blocked movement, but each wall type had to be tested in practice. Selection between pieces used CLICK with the target's pixel coordinates. The semantic grid and object positions aided in planning moves.",
11,understanding,"Progress through the KA59 puzzle levels by maneuvering pieces so that a pushable block ends up on the goal tile(s) marked with '+', achieving the engine-reported WIN condition within the per-level step budget. The currently selected piece (P) moves one grid cell per MOVE action, which corresponds to 3 pixels in the coordinate system where positions are given as [x, y] and increase right/down. If a pushable block (B) is directly adjacent in the movement direction and the space beyond it is free, the block is pushed one cell along with the selected piece; walls (#) and boundaries can prevent movement/pushing depending on their collision behavior. Levels may contain multiple selectable pieces (P and S); control is switched by issuing a CLICK action targeting the exact pixel-grid coordinates of the selectable's position, after which all MOVE actions apply to the newly selected piece.",
12,understanding,Move selectable pieces onto every `+` goal tile simultaneously; when all goals are occupied the level (and eventually the run) reports WIN. CLICK on a goal tile teleports the currently selected piece directly to it. Arrow-key style MOVE_* commands translate the selected piece one step at a time (or three cells in the recorded moves) through open space; pieces cannot pass walls or obstacles. Selection appears to switch or re-select simply by clicking a tile the piece already occupies or by cycling between multiple pieces. Each move or teleport consumes one step from the finite budget; reaching 0 steps ends the level regardless of goal coverage.,
13,turn,"I am trapped in a walled room with another selectable piece and a goal to the right. Moving up moved me into the wall area, so the walls are not solid; I need to move right through the wall to reach the goal.",
14,turn,"Even though up is marked blocked, earlier heuristics were unreliable; try MOVE_UP to see if the piece can slip/warp through the wall boundary into the goal area.",
15,understanding,"The goal is to win all levels of the KA59 puzzle game by maneuvering selectable pieces onto every goal tile (+) simultaneously in each level, with the game complete only when the engine reports WIN across all levels. Movement actions (MOVE_LEFT/RIGHT/UP/DOWN) shift the selected piece in pixels (3 per cell), potentially pushing adjacent pushable blocks or being blocked by walls/objects; CLICK switches selection to another selectable piece at the exact target_position coordinates; walls and boundaries vary in blocking behavior and must be tested; multiple selectables require precise positioning on all goals at once to win, with limited steps per level.",
16,turn,Both selectables are walled in; the wall_24_12 is a vertical bar separating them from the goal area. I need to find a way through the wall. I'll try pushing the wall from different directions or moving along its edges.,
17,understanding,"The goal of the game is to complete all levels of the KA59 puzzle game. In each level, the player must place every selectable piece onto a goal tile (marked '+'). All goal tiles must be occupied simultaneously for the level to be won. Progress is tracked across levels, with a limited step budget per level. The game uses a grid with 3 pixels per cell. Movement actions (MOVE_LEFT, MOVE_RIGHT, MOVE_UP, MOVE_DOWN) shift the currently selected piece in that direction. Some objects are pushable (blocks) and will slide along when pushed; walls ('#') block movement but may behave inconsistently. The 'movement.{direction}_blocked' flag is a heuristic and not always accurate. Multiple selectable pieces exist; the CLICK action with a target_position in pixel coordinates switches control to another selectable piece at that location. The semantic_grid uses characters to represent the board: P=selected piece, S=other selectable, B=block, #=wall, +=goal, .=empty.",
18,turn,The selectables are trapped inside an enclosed region with no open paths and goals are far outside. Clicking switches between the two pieces but does not help reach goals. Need to check if walls are passable or if there's a trick.,
19,turn,You appear boxed in on all four sides; try moving right to test if the wall is passable/pushable despite the blocked hint.,
20,understanding,"The goal was to complete each level by moving the selectable pieces so that every goal tile marked with a `+` in the semantic grid was occupied by a selectable simultaneously, progressing through all levels within the step budget. Movement actions shifted the currently selected piece by one cell (3 pixels) in the chosen direction, unless blocked by boundaries or wall objects; some adjacent objects could be pushable blocks that move along when pushed. Levels could include multiple selectable pieces, and control could be switched at any time using `CLICK` on a selectable’s exact pixel/grid position from the state; the movement blocked flags were only hints and did not always perfectly predict whether a move would succeed.",
21,understanding,"Progress through each KA59 level by moving the selectable piece(s) so that every goal tile marked '+' is occupied by a selectable simultaneously; if there are multiple goals, all must be covered at the same time to trigger WIN and ultimately complete the whole run. Movement actions shift only the currently selected piece one grid cell (3 pixels) in the chosen direction unless blocked by walls/bounds; if a pushable object is immediately adjacent in the move direction, it can be pushed along with the selected piece. Levels can contain multiple selectables, and control is switched by CLICKing a selectable’s exact pixel/grid position (same coordinate system as player.position/objects); the semantic_grid uses P for the selected piece, S for other selectables, B for blocks, # for walls, + for goals, and movement_*_blocked is only a heuristic hint and may not perfectly predict whether a move will succeed.",
22,turn,Probe movement into the adjacent goal/wall area to confirm whether the goal tile is passable despite the wall hint.,
23,turn,"I'm surrounded by walls in all directions according to heuristics, but those walls might be the outer wall which is passable (as seen when moving right earlier through # cells). I'll try moving up to see if I can go above the inner wall (wall_24_12) and then around to the goal.",
24,turn,We appear fully enclosed by walls; attempt a move anyway to test if any wall is passable/one-way despite the blocked hint.,
25,turn,"The selected piece is at [21,21] (P). The goal is at [35,17] (+). Both selectables (P at 21,21 and S at 9,18) need to reach the goal. Currently, P is surrounded by walls except possibly down? Down is blocked by wall according to movement, but we need to explore. There is a goal at cell (11,5) to (13,7) in semantic grid? Wait, the semantic grid shows '+++' at y=5,6,7 and x=9,10,11,12,13? Actually, the grid is 15 columns wide (0-14). y=5: '###########+++#' means columns 11,12,13 are '+', y=6: '###S#######+++#' columns 11,12,13 '+', y=7: '#######P###+++#' columns 11,12,13 '+'. So the goal covers cells (11,5),(12,5),(13,5),(11,6),(12,6),(13,6),(11,7),(12,7),(13,7). The goal object is at pixel position [35,17] which corresponds to cell (11,5) since 35/3=11.66, 17/3=5.66. The goal size is 5x5 pixels, covering approximately cells (11,5) to (12,6). The other selectable S is at [9,18] which is cell (3,6). P at [21,21] is cell (7,7). We need to move selectables onto the goal area. Currently P is trapped? All four directions blocked by walls? Movement says left_blocked true (adjacent wall), right_blocked true (adjacent walls), up_blocked true, down_blocked true. But maybe we can push through? The wall_24_12 is at [24,12] size 6x21. That's a vertical wall from x=24 to 29? Actually position 24,12 size 6x21 covers x 24-29, y 12-32. That blocks right. The big wall_-3_-3 size 51x51 covers everything? That seems like the border. We might need to switch to the other selectable S at [9,18] and move it to the goal. Let's click on S to explore movement there.",
26,understanding,"The goal was to move selectable pieces (P or S) to goal positions (+) on the grid, likely within the step limit, similar to a multi-agent Sokoban puzzle where pieces need to reach specific targets. Movement actions shift the selected piece in the chosen direction if not blocked by walls (#) or other objects; some moves failed due to blocks (e.g., UP at [15,21], RIGHT at [12,21]). CLICK switches control to another selectable piece at the exact pixel coordinates provided. No pushing of blocks (B) was observed in these turns, but pushables shift with the piece if adjacent. Coordinates are pixel-based (3 pixels per cell), and multiple selectables exist at positions like [9,21], [12,21], [18,21], [30,21].",
27,turn,"Both selectables are in separate walled cells with no openings visible in the grid. The goal is at the right side. I need to find a way to move the pieces through the walls, possibly by pushing or discovering hidden passages. I'll try moving the current piece down since it's not blocked by an adjacent object in that direction.",
28,turn,"The walls block all movement for the selected piece at [21, 21], so project completion will require either selecting another piece or finding a way around/through the walls—possibly by moving the other selectable at [15, 21]. There are two selectable pieces and two goals. The puzzle likely requires getting a selectable onto a goal. Since movement is blocked here, further clicking or switching selection is needed.",
29,turn,"Both selectables are trapped in separate walled cells with no blocks. I should try moving up despite the wall report to see if it's actually permeable, since that's the only unexplored direction.",
30,turn,"The goal is at [35,17], which is to the right of the wall at x=24. I need to get one of the selectables around or through the wall. Currently both selectables are left of the wall. I should explore if the wall can be passed or if there's a gap. Let's try moving the selected piece right to see if it can push or pass through the wall.",
31,turn,"Currently controlling selectable at [12,15]. It is completely surrounded by walls. The other selectable at [18,21] is also boxed in but closer to the goal region on the right side. I need to escape these wall enclosures, but movement is blocked in all directions for this piece. Let's try a move anyway to see if any wall is pushable or permeable, or switch to the other piece.",
32,turn,"I'm at [9,21] (cell col 3, row 7) and the goal is at [35,17] (cells ~11-12, row 5-6). Walls block all immediate moves. I need to find a path around the wall. I should try moving up even though up_blocked is true — maybe the wall is passable.",
33,turn,We’re enclosed by walls on all four sides; try moving into a wall to see if any boundary is passable/teleports.,
34,understanding,"The goal was to place selectable pieces onto all goal tiles simultaneously. I needed to maneuver pieces using movement and CLICK actions to achieve this, but I ran out of steps before solving the level. Movement actions shift the currently selected piece by 3-pixel grid steps. CLICK actions are meant to switch control to another selectable piece, but in this level they consistently failed with 'Selected piece did not change position (blocked or action has no movement effect)'. This suggests the other selectable was blocked, enclosed, or somehow unreachable for selection. Walls and blocks appear to obstruct movement, and push interactions likely occur when pushed objects are adjacent, though I did not successfully push anything in these final turns.",
35,understanding,"The goal was to complete all levels of the KA59 puzzle game by placing every selectable piece onto a goal tile simultaneously. The game would be won once all levels were cleared. Movement was controlled by selecting a piece (initially or via CLICK on its pixel coordinates) and using MOVE actions. The grid was 3 pixels per cell. Some objects were pushable (blocks would shift if pushed by the selected piece), while walls blocked movement. CLICK allowed switching control between multiple selectable pieces. Steps were limited per level.",
36,turn,"Test whether the adjacent wall to the left is passable (it previously allowed movement), which may reopen space for navigating toward the goal.",
37,understanding,"The goal was to complete all levels of the KA59 puzzle game by placing every selectable piece onto a goal tile simultaneously. Each level required navigating selectable pieces to cover all '+' goal tiles, using CLICK to switch control between pieces. The run ended with repetitive CLICK actions and no progress, so the goal was not fully achieved. Movement actions shifted the currently selected piece by 3-pixel grid increments. Pushing occurred when a pushable block was adjacent in the movement direction. Walls (#) blocked movement in various ways; some boundaries allowed pushing blocks into or through them while others were solid. CLICK required exact pixel coordinates to switch selection to another piece, but excessive clicking without movement wasted steps. The semantic grid and object positions were key to planning, but the budget and strategy were mismanaged.",
38,understanding,"The objective was to solve each level within a limited step budget by moving the selectable piece(s) around the grid to achieve the level’s goal state (typically aligning/moving pieces or blocks onto goal tiles marked with '+'). Positions were given as pixel coordinates, with a 3-pixels-per-cell grid; each MOVE action shifted the currently selected piece exactly one cell (±3 pixels) in the chosen direction. If a pushable object (e.g., a block) was directly adjacent in the movement direction, it could be pushed and would move together with the selected piece, provided nothing blocked it. Walls ('#') and boundaries could prevent movement, though some wall-like barriers might behave differently and had to be tested; the movement_blocked flags were only heuristic hints (adjacent object present) and didn’t guarantee failure. Levels could contain multiple selectable pieces, and CLICK on a selectable’s exact coordinate switched control to that piece.",
39,understanding,"The goal of the game was to maneuver or push a piece onto a designated target or goal tile, as indicated by the '+' marker in the semantic grid. Successfully placing the pushable object (or piece) onto this goal tile results in winning the level. Movement was achieved using directional actions (MOVE_LEFT, MOVE_RIGHT, MOVE_UP, MOVE_DOWN), which affected only the currently selected piece. If a move was blocked (likely due to a wall or obstacle), the piece did not change position. Selecting a piece was accomplished by using the CLICK action on its grid coordinates, instantly switching control between different pieces. Repeated selection and movement allowed for solving the puzzle by navigating around obstacles and positioning the chosen piece(s) onto the goal.",
40,turn,"I'm currently at [12,24] with all movement blocked. I need to reach the other selectable piece to occupy the goal. I'll try moving right despite the blocked flag to see if I can push through or if there's a path.",
41,turn,"The goal is at (35,17) in pixel coords (cell ~11,5). Currently selected piece is at (18,21) (cell 6,7). It is surrounded by walls according to movement hints. I should try to move despite the blocked hints, starting with right to see if I can push through or find a path. Let's attempt MOVE_RIGHT.",
42,understanding,"Navigate the controllable piece(s) around the grid (and potentially reposition blocks) to reach the goal tile(s) marked with '+', within a limited step budget per level. Moves (UP/DOWN/LEFT/RIGHT) shift the currently selected piece by one cell (3 pixels) in that direction unless prevented by walls/boundaries or obstructing objects. If a pushable block is directly adjacent in the move direction, the move can push it along (block and piece shift together) provided the space beyond is free/allowed. Walls ('#') act as impassable/constraint objects, though their exact blocking behavior may vary and must be tested. Multiple selectables can exist; using CLICK with an object's exact pixel position switches control to that selectable.",
43,turn,"I'm stuck inside a wall enclosure. I need to find a way to reach the goal at [35,17]. I'll try moving in a direction that is blocked to see if I can push through the wall.",
44,turn,We appear enclosed by walls on all four sides; test a move to confirm whether any wall boundary is passable/quirky.,
45,understanding,"The goal of the game was to move a selectable piece onto the goal tile(s), likely marked by a specific symbol (such as '+') according to the semantic grid. Success is achieved when a pushable object is correctly positioned on the goal tile(s), satisfying the WIN condition. Movement of the selected piece was possible by either clicking a position (teleporting the piece to the chosen location) or by using directional move actions (MOVE_LEFT, MOVE_RIGHT, etc.), which shifted the piece by discrete steps. Clicking on a tile moved the selected piece there instantly, whereas MOVE actions would move the piece in the specified direction if not blocked by a wall or an obstacle. If the path was blocked, the piece could not move in that direction. Step count was limited per level, and efficient planning was required to reach the goal within that budget. Only one piece could be actively controlled/selected and moved at a time.",
46,understanding,"The goal was to complete each level by positioning the selectable pieces so that every goal tile marked '+' is occupied by a selectable piece at the same time, progressing through all levels until the game reports WIN. Movement actions shift the currently selected piece one grid step (in 3-pixel-per-cell coordinates) unless blocked by walls/boundaries; if a pushable block is directly adjacent in the movement direction, the piece can push it along as part of the move if space allows. Levels can contain multiple selectables, and CLICK switches which selectable is controlled by targeting its exact pixel/grid position as shown in the state. Walls act as immovable obstacles that prevent movement/pushing through them, though the blocked-direction indicator is only a hint and the actual result depends on the engine's collision rules.",
47,turn,"Both selectables are trapped inside wall cells. The goal is at [35,17] pixels, which is around cell (11,5). Since movement in all directions is blocked by walls, we need to find another way—perhaps the walls are not solid or can be pushed. Let's try moving up to test wall collision.",
48,understanding,"The goal of the game is to win all levels of the KA59 puzzle by positioning every selectable piece (P or S) onto a corresponding goal tile (+) simultaneously, achieving a WIN condition for the level and progressing through level.current to level.total. Movement actions shift the selected piece (identified by player.position and shown as P) in the specified direction, potentially pushing adjacent pushable blocks (B) but blocked by walls (#) or boundaries; CLICK switches selection to another selectable piece (S) at the exact target_position pixel coordinates, though invalid targets result in no change; positions are pixel-based (3 pixels per cell), and actions consume from a finite steps_remaining budget per level.",
49,turn,We appear fully enclosed by walls; try moving right anyway in case the heuristic is wrong or a wall is passable/pushable.,
50,understanding,"The objective is to navigate selectable game pieces on a grid and position pushable objects (blocks) onto goal tile(s) marked with '+' on the semantic grid. Each level has a specific success condition—typically getting at least one block onto a goal position, which triggers a WIN state. Movement operates on a pixel-based coordinate system where positions are [x, y] with 3 pixels per cell. The game features multiple mechanics: (1) **Selection**: Click with CLICK and target_position to switch control between different selectable pieces (marked 'P' for current, 'S' for others). (2) **Movement**: MOVE_LEFT/RIGHT/UP/DOWN attempt to shift the selected piece; if a pushable block (marked 'B') is adjacent in that direction, it gets pushed along. (3) **Walls**: Static obstacles (marked '#') block movement, but their exact blocking behavior must be discovered through interaction—not all walls behave identically. (4) **Hints vs Reality**: The movement_blocked heuristic only indicates adjacent obstacles but doesn't guarantee a move will fail—actual outcomes depend on object types and wall configuration. (5) **Resource Constraint**: Each level has a finite step budget; inefficient exploration depletes it quickly. The puzzle likely requires coordinating multiple pieces strategically to create a solution path.",
